CREATE TABLE getoutdb.dbo.AULA
(
    NOME varchar(20) PRIMARY KEY NOT NULL,
    X real DEFAULT NULL,
    Y real DEFAULT NULL,
    PIANO varchar(20) NOT NULL,
    ENTRATA varchar(40) DEFAULT NULL
);
INSERT INTO getoutdb.dbo.AULA (NOME, X, Y, PIANO, ENTRATA) VALUES ('1', 12, 11, '160', null);
CREATE TABLE getoutdb.dbo.BEACON
(
    ID varchar(40) PRIMARY KEY NOT NULL,
    X real DEFAULT NULL,
    Y real DEFAULT NULL,
    TRONCO varchar(20) NOT NULL,
    UTENTI int DEFAULT 0,
    USCITA int DEFAULT 0 NOT NULL
);
INSERT INTO getoutdb.dbo.BEACON (ID, X, Y, TRONCO, UTENTI, USCITA) VALUES ('B0:B4:48:BC:52:06', 1645, 209, '7', 0, 0);
INSERT INTO getoutdb.dbo.BEACON (ID, X, Y, TRONCO, UTENTI, USCITA) VALUES ('B0:B4:48:BE:2E:00', 1465, 244, '1', 0, 0);
INSERT INTO getoutdb.dbo.BEACON (ID, X, Y, TRONCO, UTENTI, USCITA) VALUES ('B0:B4:48:BE:2E:01', 1420, 329, '2', 0, 0);
INSERT INTO getoutdb.dbo.BEACON (ID, X, Y, TRONCO, UTENTI, USCITA) VALUES ('B0:B4:48:BE:2E:02', 1375, 349, '3', 0, 0);
INSERT INTO getoutdb.dbo.BEACON (ID, X, Y, TRONCO, UTENTI, USCITA) VALUES ('B0:B4:48:BE:2E:03', 1323, 370, '4', 0, 1);
INSERT INTO getoutdb.dbo.BEACON (ID, X, Y, TRONCO, UTENTI, USCITA) VALUES ('B0:B4:48:BE:2E:04', 1600, 85, '5', 0, 1);
INSERT INTO getoutdb.dbo.BEACON (ID, X, Y, TRONCO, UTENTI, USCITA) VALUES ('B0:B4:48:BE:2E:05', 1600, 147, '5', 0, 0);
INSERT INTO getoutdb.dbo.BEACON (ID, X, Y, TRONCO, UTENTI, USCITA) VALUES ('B0:B4:48:BE:2E:06', 1533, 209, '6', 0, 0);
INSERT INTO getoutdb.dbo.BEACON (ID, X, Y, TRONCO, UTENTI, USCITA) VALUES ('B0:B4:48:BE:2E:08', 1691, 343, '8', 0, 0);
INSERT INTO getoutdb.dbo.BEACON (ID, X, Y, TRONCO, UTENTI, USCITA) VALUES ('B0:B4:48:BE:2E:09', 1653, 476, '9', 0, 0);
INSERT INTO getoutdb.dbo.BEACON (ID, X, Y, TRONCO, UTENTI, USCITA) VALUES ('B0:B4:48:BE:2E:10', 1616, 476, '9', 0, 1);
CREATE TABLE getoutdb.dbo.EDIFICIO
(
    NOME varchar(20) PRIMARY KEY NOT NULL
);
INSERT INTO getoutdb.dbo.EDIFICIO (NOME) VALUES ('Ingegneria');
CREATE TABLE getoutdb.dbo.MAPPA
(
    PIANO varchar(20) PRIMARY KEY NOT NULL,
    LINK varchar(100) DEFAULT NULL
);
INSERT INTO getoutdb.dbo.MAPPA (PIANO, LINK) VALUES ('160', '/Mappe/q160.jpg');
CREATE TABLE getoutdb.dbo.PARAMETRI
(
    TRONCO int PRIMARY KEY NOT NULL,
    VULN real DEFAULT 0 NOT NULL,
    RV real DEFAULT 0 NOT NULL,
    PF real DEFAULT 0 NOT NULL
);
INSERT INTO getoutdb.dbo.PARAMETRI (TRONCO, VULN, RV, PF) VALUES (1, 0, 0, 0);
INSERT INTO getoutdb.dbo.PARAMETRI (TRONCO, VULN, RV, PF) VALUES (2, 0, 0, 0);
INSERT INTO getoutdb.dbo.PARAMETRI (TRONCO, VULN, RV, PF) VALUES (3, 0, 0, 0);
INSERT INTO getoutdb.dbo.PARAMETRI (TRONCO, VULN, RV, PF) VALUES (4, 0, 0, 0);
INSERT INTO getoutdb.dbo.PARAMETRI (TRONCO, VULN, RV, PF) VALUES (5, 0, 0, 0);
INSERT INTO getoutdb.dbo.PARAMETRI (TRONCO, VULN, RV, PF) VALUES (6, 0, 0, 0);
INSERT INTO getoutdb.dbo.PARAMETRI (TRONCO, VULN, RV, PF) VALUES (7, 0, 0, 0);
INSERT INTO getoutdb.dbo.PARAMETRI (TRONCO, VULN, RV, PF) VALUES (8, 0, 0, 0);
INSERT INTO getoutdb.dbo.PARAMETRI (TRONCO, VULN, RV, PF) VALUES (9, 0, 0, 0);
INSERT INTO getoutdb.dbo.PARAMETRI (TRONCO, VULN, RV, PF) VALUES (10, 0, 0, 0);
CREATE TABLE getoutdb.dbo.PIANO
(
    NOME varchar(20) PRIMARY KEY NOT NULL,
    EDIFICIO varchar(20) NOT NULL
);
INSERT INTO getoutdb.dbo.PIANO (NOME, EDIFICIO) VALUES ('140', 'Ingegneria');
INSERT INTO getoutdb.dbo.PIANO (NOME, EDIFICIO) VALUES ('145', 'Ingegneria');
INSERT INTO getoutdb.dbo.PIANO (NOME, EDIFICIO) VALUES ('150', 'Ingegneria');
INSERT INTO getoutdb.dbo.PIANO (NOME, EDIFICIO) VALUES ('160', 'Ingegneria');
INSERT INTO getoutdb.dbo.PIANO (NOME, EDIFICIO) VALUES ('165', 'Ingegneria');
CREATE TABLE getoutdb.dbo.TRONCO
(
    ID numeric(10) PRIMARY KEY NOT NULL IDENTITY,
    X real DEFAULT NULL,
    Y real DEFAULT NULL,
    XF real DEFAULT NULL,
    YF real DEFAULT NULL,
    LARGHEZZA real NOT NULL,
    PIANO varchar(20) NOT NULL
);
INSERT INTO getoutdb.dbo.TRONCO (ID, X, Y, XF, YF, LARGHEZZA, PIANO, LUNGHEZZA) VALUES (1, 1465, 209, 1465, 329, 1.8, '160', 1.8);
INSERT INTO getoutdb.dbo.TRONCO (ID, X, Y, XF, YF, LARGHEZZA, PIANO, LUNGHEZZA) VALUES (2, 1465, 329, 1375, 329, 1.8, '160', 2.8);
INSERT INTO getoutdb.dbo.TRONCO (ID, X, Y, XF, YF, LARGHEZZA, PIANO, LUNGHEZZA) VALUES (3, 1375, 329, 1375, 370, 1.8, '160', 1.8);
INSERT INTO getoutdb.dbo.TRONCO (ID, X, Y, XF, YF, LARGHEZZA, PIANO, LUNGHEZZA) VALUES (4, 1375, 370, 1323, 370, 1.8, '160', 1.8);
INSERT INTO getoutdb.dbo.TRONCO (ID, X, Y, XF, YF, LARGHEZZA, PIANO, LUNGHEZZA) VALUES (5, 1600, 210, 1600, 85, 1.8, '160', 1.9);
INSERT INTO getoutdb.dbo.TRONCO (ID, X, Y, XF, YF, LARGHEZZA, PIANO, LUNGHEZZA) VALUES (6, 1465, 209, 1600, 209, 1.8, '160', 2.6);
INSERT INTO getoutdb.dbo.TRONCO (ID, X, Y, XF, YF, LARGHEZZA, PIANO, LUNGHEZZA) VALUES (7, 1600, 209, 1691, 209, 1.8, '160', 4.7);
INSERT INTO getoutdb.dbo.TRONCO (ID, X, Y, XF, YF, LARGHEZZA, PIANO, LUNGHEZZA) VALUES (8, 1691, 209, 1691, 476, 1.8, '160', 6.7);
INSERT INTO getoutdb.dbo.TRONCO (ID, X, Y, XF, YF, LARGHEZZA, PIANO, LUNGHEZZA) VALUES (9, 1691, 476, 1616, 476, 1.8, '160', 4.4);
INSERT INTO getoutdb.dbo.TRONCO (ID, X, Y, XF, YF, LARGHEZZA, PIANO, LUNGHEZZA) VALUES (10, 2, 3, 4, 5, 6.6, '140', 3.4);
INSERT INTO getoutdb.dbo.TRONCO (ID, X, Y, XF, YF, LARGHEZZA, PIANO, LUNGHEZZA) VALUES (11, 3, 4, 5, 6, 7.7, '145', 3.4);
INSERT INTO getoutdb.dbo.TRONCO (ID, X, Y, XF, YF, LARGHEZZA, PIANO, LUNGHEZZA) VALUES (12, 4, 5, 6, 7, 8.8, '155', 3.4);
INSERT INTO getoutdb.dbo.TRONCO (ID, X, Y, XF, YF, LARGHEZZA, PIANO, LUNGHEZZA) VALUES (13, 5, 6, 7, 8, 9.9, '155', 3.2);
INSERT INTO getoutdb.dbo.TRONCO (ID, X, Y, XF, YF, LARGHEZZA, PIANO, LUNGHEZZA) VALUES (14, 1, 2, 3, 4, 5.5, '145', 1.8);
INSERT INTO getoutdb.dbo.TRONCO (ID, X, Y, XF, YF, LARGHEZZA, PIANO, LUNGHEZZA) VALUES (15, 1, 2, 3, 4, 5.5, '150', 1.3);
INSERT INTO getoutdb.dbo.TRONCO (ID, X, Y, XF, YF, LARGHEZZA, PIANO, LUNGHEZZA) VALUES (16, 1, 2, 3, 4, 5.5, '155', 4.9);
CREATE TABLE getoutdb.dbo.UTENTE
(
    IP varchar(15) PRIMARY KEY NOT NULL
);
INSERT INTO getoutdb.dbo.UTENTE (IP) VALUES ('172.23.139.222');
INSERT INTO getoutdb.dbo.UTENTE (IP) VALUES ('172.23.153.154');
INSERT INTO getoutdb.dbo.UTENTE (IP) VALUES ('172.23.156.118');
INSERT INTO getoutdb.dbo.UTENTE (IP) VALUES ('192.168.0.106');
INSERT INTO getoutdb.dbo.UTENTE (IP) VALUES ('192.168.0.108');
INSERT INTO getoutdb.dbo.UTENTE (IP) VALUES ('192.168.0.109');
INSERT INTO getoutdb.dbo.UTENTE (IP) VALUES ('192.168.0.118');
INSERT INTO getoutdb.dbo.UTENTE (IP) VALUES ('192.168.0.120');
INSERT INTO getoutdb.dbo.UTENTE (IP) VALUES ('192.168.0.122');
INSERT INTO getoutdb.dbo.UTENTE (IP) VALUES ('192.168.1.67');